0,210,org,2
1,233,org,25
2,234,org,26
3,243,org,35
4,244,org,36
5,245,org,37
6,246,org,38
7,211,org,3
8,217,org,9
9,218,org,10
10,216,org,8
11,226,org,18
12,219,org,11
13,220,org,12
14,221,org,13
15,222,org,14
16,223,org,15
17,224,org,16
18,247,org,39
19,250,org,42
20,251,org,43
21,252,org,44
22,254,org,46
23,255,org,47
24,249,org,41
25,248,org,40
26,267,misc,12
27,257,misc,2
28,259,misc,4
29,261,misc,6
30,260,misc,5
31,262,misc,7
32,269,misc,14
33,280,misc,25
34,278,misc,23
35,279,misc,24
36,266,misc,11
37,258,misc,3
38,264,misc,9
