0,197,location,date
1,198,location,date
2,199,location,date
3,200,location,date
4,201,location,date
5,202,location,date
6,203,location,date
7,204,location,date
8,205,location,date
9,206,location,date
10,207,location,date
11,208,location,date
12,209,location,date
13,210,location,date
14,211,location,date
15,212,location,date
16,213,location,date
17,214,location,date
18,215,location,date
19,216,location,date
20,217,location,date
21,218,location,date
22,219,location,date
23,220,location,date
24,221,location,date
25,222,location,date
26,223,location,date
27,224,location,date
28,225,location,date
29,226,location,date
30,227,location,date
31,228,location,date
32,229,location,date
