163,1,"27 April, 2003",7
164,2,"26 April, 2003",3
165,3,"22 April, 2003",6
166,4,"24 April, 2003",2
167,5,April 30,1
168,6,"21 April, 2003",1
169,7,"20 April, 2003",7
170,8,"April 25, 2003",1
171,9,"30 March, 2003",2
172,10,"10 April, 2003",4
173,11,"6 April, 2003",2
174,12,"16 April, 2003",3
175,13,"15 April, 2003",4
176,14,"14 April, 2003",2
177,15,"11 April, 2003",1
178,16,"13 April, 2003",3
179,17,"8 April, 2003",1
180,18,"7 April, 2003",1
181,19,"April 26, 2003",1
182,20,"25 April, 2003",4
183,21,"29 April, 1930",1
184,22,"29 April, 1930hrs",1
185,23,"5 April, 2003",1
186,24,12 Feb. 1997,1
187,25,"23 April, 2003",2
188,26,"29 April, 2003",1
189,27,"19 April, 2003",1
190,28,"18 April, 2003",1
191,29,"April 18, 2003",1
192,30,"2 December, 2001",1
193,31,"I2 December, 20011",1
194,32,"1 April, 2003",2
195,33,"April 20, 2003",1
196,34,"April 21, 2003",1
197,35,1994,1
198,36,"12 April, 2003",1
199,37,"8 April, 2002",1
200,38,"9 April, 2003",1
201,39,April 2003,1
202,40,March of 2003,1
203,41,"March, 1993",1
204,42,1990 - 1992,1
205,43,1987 - 1993,1
206,44,January 1996,1
207,45,1996,1
208,46,"22 December, 2001",1
